Model,Accuracy,F1_Score
Logistic Regression,0.9937888198757764,0.993758020635491
Ensemble,0.9937888198757764,0.993758020635491
Random Forest,0.9875776397515528,0.9874494186682355
